StrainID	Species_Old	Genus_Old	Phylum	GPS	Lat	Long	Associated	General	Specific	Fruits	Fruit.Family	Fruit.Type	Rotting	Plant.Genus	Plant.Species	Common.Name	Other.Associations	Notes	Set	Morpho	SetID	IsoTemp	Specific.Location	State	Collected.By	X	X.1	Species	Subphylum	Genus
8	yHKS657	Zygoascus meyerae/hellenicus	Zygoascus	Ascomycota	47.441600, -87.878877	47.4416	-87.878877	Tree	Plant Matter	Pine Cone	NA	NA	NA	NA	Pinus	Pinus sp.	Pine	NA	NA	#249	a	YHKS_#249	30	Copper Harbor, Michigan (Estivant Pines Nature Sanctuary	Michigan	Chris Hittinger	TRUE	yHKS657	Zygoascus meyerae/hellenicus	Saccharomycotina	Zygoascus
9	yHKS660	Zygoascus meyerae/hellenicus	Zygoascus	Ascomycota	47.441600, -87.878877	47.4416	-87.878877	Tree	Plant Matter	Pine Cone	NA	NA	NA	NA	Pinus	Pinus sp.	Pine	NA	NA	#249	d	YHKS_#249	30	Copper Harbor, Michigan (Estivant Pines Nature Sanctuary	Michigan	Chris Hittinger	TRUE	yHKS660	Zygoascus meyerae/hellenicus	Saccharomycotina	Zygoascus
20	yHKS578	Wickerhamomyces hampsirensis	Wickerhamomyces	Ascomycota	43.695741, -87.718414	43.695741	-87.718414	Tree	Plant Matter	Bark	NA	NA	NA	Rotting	Unknown	Unknown	Unknown	NA	NA	#221	b	YHKS_#221	30	Sheboygan,WI (Indian Mound Park)	Wisconsin	Kayla Sylvester	TRUE	yHKS578	Wickerhamomyces hampsirensis	Saccharomycotina	Wickerhamomyces
44	yHKB356	Vishniacozyma dimennae	Vishniacozyma	Basidiomycota	47.2718,-88.4263	47.2718	-88.4263	Plant	Plant Matter	Plant Matter	NA	NA	NA	NA	Lycopodium	Lycopodium obscurum	Princess Pine	NA	NA	RW8	a	YHKB_RW8	22	Calumet, MI	Michigan	Russell Wrobel	TRUE	yHKB356	Vishniacozyma dimennae	Basidiomycota	Vishniacozyma
45	yHMJ553	Vanrija musci	Vanrija	Basidiomycota	43.762222, 71.669167	43.762222	-71.669167	Soil	Soil	Soil	NA	NA	NA	NA	NA	NA	NA	NA	NA	58	c	YHMJ_58	22	New Hampshire	New Hampshire	C. T. Hittinger	TRUE	yHMJ553	Vanrija musci	Basidiomycota	Vanrija
47	yHKB459	Tumularia aquatica	Tumularia	Ascomycota	47.1730,-88.4488	47.173	-88.4488	Tree	Plant Matter	Fruit	Thimbleberry	Rosaceae	Drupe	NA	Rubus	Rubus parviflorus	Thimbleberry	NA	NA	RW6	a	YHKB_RW6	10	Hungarian Falls, MI	Michigan	Russell Wrobel	TRUE	yHKB459	Dothiora oleae	Pezizomycotina	Dothiora
48	yHRVM106	Trichosporon xylopini	Trichosporon	Basidiomycota	37.505725, -76.398950	37.505725	-76.39895	Tree	Soil	Soil	NA	NA	NA	NA	Quercus	Quercus alba	White Oak	NA	NA	15D3	a	YHRVM_15D3	10	Cobbs Creek, VA	Virginia	D. Leith Nye	TRUE	yHRVM106	Trichosporon xylopini	Basidiomycota	Trichosporon
59	yHKB103	Trichosporon moniliiforme	Trichosporon	Basidiomycota	44:-88	44	-88	Tree	Soil	Humus	NA	NA	NA	NA	Pinus	Pinus strobus	White Pine	Fungi	NA	KBOCT10	b	YHKB_KBOCT10	22	Northeastern WI	Wisconsin	Bill Saucier	TRUE	yHKB103	Trichosporon moniliiforme	Basidiomycota	Trichosporon
60	yHKB314	Trichosporon japonicum	Trichosporon	Basidiomycota	31.7013,-90.3976	31.7013	-90.3976	Soil	Soil/Plant Matter	Duff	NA	NA	NA	NA	Unknown	Unknown	Unknown	NA	NA	RT19	a	YHKB_RT19	30	Wesson, MS	Mississippi	Kelly Buh	TRUE	yHKB314	Trichosporon japonicum	Basidiomycota	Trichosporon
61	yHKB17	Trichosporon asahii	Trichosporon	Basidiomycota	29.9403:-90.1207	29.9403	-90.1207	Soil	Soil	Soil	NA	NA	NA	NA	NA	NA	NA	NA	NA	BFF1	a	YHKB_BFF1	30	New Orleans, LA (Tulane campus)	Louisiana	Katie Burjek	TRUE	yHKB17	Trichosporon asahii	Basidiomycota	Trichosporon
62	yHKS459	Tremella moriformis	Tremella	Basidiomycota	48.725722, -122.359948	48.725722	-122.359948	Tree	Plant Matter	Bark	NA	NA	NA	NA	Thuja	Thuja plicata	Pacific Redcedar	White/Grey Growth	NA	#153	a	YHKS_#153	22	Bellingham WA (Sudden Valley)	Washington	Mary B. O'Neill	TRUE	yHKS459	Tremella moriformis	Basidiomycota	Tremella
63	yHKS553	Tremella encephala	Tremella	Basidiomycota	60.691550, -151.289609	60.69155	-151.289609	Tree	Plant Matter	Bark	NA	NA	NA	NA	Unknown	Unknown	Unknown	NA	NA	#204	a	YHKS_#204	22	Nikiski, Alaska (Deer Creek)	Alaska	Jacob Barnes	TRUE	yHKS553	Tremella encephala	Basidiomycota	Tremella
205	yHMJ186	Thelebolus sp.	Thelebolus	Ascomycota	43.312305, -91.781281 	43.312305	-91.781281	Tree	Moss	Moss	NA	NA	NA	NA	Quercus	Quercus palustris	Pin Oak	Moss	NA	19	b	YHMJ_19	4	Decorah, IA ice caves	Iowa	Martin Jarzyna	TRUE	yHMJ186	Thelebolus sp.	Pezizomycotina	Thelebolus
209	yHQL549	Talaromyces amestolkiae	Talaromyces	Ascomycota	60.850069, -149.534257	60.850069	-149.534257	Tree	Plant Matter	Bark	NA	NA	NA	NA	Tsuga	Tsuga sp.	Hemlock	NA	NA	QL#35	b	YHQL_QL#35	22	Coeur d'Alene campground, Chugach National Forest, AK	Alaska	Mel Langdon	TRUE	yHQL549	Talaromyces amestolkiae	Pezizomycotina	Talaromyces
210	yHQL550	Talaromyces amestolkiae	Talaromyces	Ascomycota	60.850069, -149.534257	60.850069	-149.534257	Tree	Plant Matter	Bark	NA	NA	NA	NA	Tsuga	Tsuga sp.	Hemlock	NA	NA	QL#35	c	YHQL_QL#35	22	Coeur d'Alene campground, Chugach National Forest, AK	Alaska	Mel Langdon	TRUE	yHQL550	Talaromyces amestolkiae	Pezizomycotina	Talaromyces
215	yHQL376	Sugiyamaella smithiae	Sugiyamaella	Ascomycota	42.013309, -89.890341	42.013309	-89.890341	Tree	Plant Matter	Wood	NA	NA	NA	Rotting	Unknown	Unknown	Unknown	NA	decomposing log	AS#19	a	YHQL_AS#19	30	Chadwick, Illinois-Sheddan property	Illinois	Angela Sheddan	TRUE	yHQL376	Sugiyamaella smithiae	Saccharomycotina	Sugiyamaella
216	yHQL401	Sugiyamaella smithiae	Sugiyamaella	Ascomycota	42.013309, -89.890341	42.013309	-89.890341	Tree	Plant Matter	Wood	NA	NA	NA	Rotting	Unknown	Unknown	Unknown	NA	decomposing log	AS#19	a	YHQL_AS#19	22	Chadwick, Illinois-Sheddan property	Illinois	Angela Sheddan	TRUE	yHQL401	Sugiyamaella smithiae	Saccharomycotina	Sugiyamaella
220	yHKB278	Sugiyamaella novakii	Sugiyamaella	Ascomycota	43.5490:-72.2601	43.549	-72.2601	Tree	Soil/Plant Matter	Soil/Plant Matter	NA	NA	NA	NA	Fagus	Fagus sp.	Beech	NA	NA	GLSC2	a	YHKB_GLSC2	22	Plainfield, NH	New Hampshire	NA	TRUE	yHKB278	Sugiyamaella novakii	Saccharomycotina	Sugiyamaella
223	yHQL336	Sugiyamaella chiloensis	Sugiyamaella	Ascomycota	37.657021,-119.626228	37.657021	-119.626228	Tree	Fungus	Fungus	NA	NA	NA	NA	Pinus	Pinus contorta	Lodgepole Pine	Fungus	ITS: Blastobotrys raffinosifermentans ??D1D2: Sugiyamaella chiloensis	QL#22	a	YHQL_QL#22	30	Yosemite Nat'l Park, CA 37°39'25.274N X 119°37'34.422W	California	Bill Vagt	TRUE	yHQL336	Sugiyamaella chiloensis	Saccharomycotina	Sugiyamaella
226	yHRVM114	Sporidiobolus salmonicolor	Sporidiobolus	Basidiomycota	47.861132, -122.060318	47.861132	-122.060318	NA	NA	NA	NA	NA	NA	NA	NA	NA	NA	NA	NA	8D3	a	YHRVM_8D3	10	Lords Hill, Monroe, WA	Washington	Emily Baker	TRUE	yHRVM114	Sporidiobolus salmonicolor	Basidiomycota	Sporidiobolus
227	yHMJ139	Sporidiobolales sp.	Sporidiobolales	Basidiomycota	43.312305, -91.781281 	43.312305	-91.781281	Plant	Plant Matter	Leaves	NA	NA	NA	NA	Populus	Populus deltoides	Eastern Cottonwood	Pinus	NA	15	a	YHMJ_15	4	Decorah, IA ice caves	Iowa	Martin Jarzyna	TRUE	yHMJ139	Sporidiobolales sp.	Basidiomycota	Sporidiobolales
228	yHQL124	Solicoccozyma aeria	Solicoccozyma	Basidiomycota	45.208911, -123.961452	45.208911	-123.961452	Tree	Soil	Soil	NA	NA	NA	NA	Pinus	Pinus contorta	Lodgepole Pine	NA	NA	OR 5	a	YHQL_OR 5	10	Pacific City, OR	Oregon	Quinn Langdon	TRUE	yHQL124	Solicoccozyma aeria	Basidiomycota	Solicoccozyma
255	yHKS585	Scheffersomyces stipitis	Scheffersomyces	Ascomycota	43.695741, -87.718414	43.695741	-87.718414	Tree	Soil	Soil	NA	NA	NA	NA	Fagus	Fagus grandifolia	American Beech	NA	NA	#237	b	YHKS_#237	30	Sheboygan,WI (Indian Mound Park)	Wisconsin	Kayla Sylvester	TRUE	yHKS585	Scheffersomyces stipitis	Saccharomycotina	Scheffersomyces
278	yHKS390	Saturnispora dispora	Saturnispora	Ascomycota	43.695741, -87.718414	43.695741	-87.718414	Tree	Plant Matter	Bark	NA	NA	NA	NA	Acer	Acer saccharum	Sugar Maple	NA	NA	#139	a	YHKS_#139	10	Sheboygan,WI (Indian Mound Park)	Wisconsin	Kayla Sylvester	TRUE	yHKS390	Saturnispora dispora	Saccharomycotina	Saturnispora
279	yHMJ1	Saccharomycetes sp.	Saccharomycetes	Ascomycota	45.027429, -93.438540	45.027429	-93.43854	Tree	Soil	Soil	NA	NA	NA	NA	Malus	Malus sp.	Crabapple	NA	NA	3	a	YHMJ_3	30	french park, plymouth mn	Minnesota	martin jarzyna	TRUE	yHMJ1	Ogataea sp.	Saccharomycotina	Ogataea
281	yHKS537	Saccharomyces uvarum	Saccharomyces	Ascomycota	47.855571, -121.971572	47.855571	-121.971572	Tree	Plant Matter	Bark	NA	NA	NA	NA	Cedrus	Cedrus sp.	Cedar	NA	Possibly touched while sampling	#186	a	YHKS_#186	10	Monroe, WA	Washington	Emily Baker	TRUE	yHKS537	Saccharomyces uvarum	Saccharomycotina	Saccharomyces
377	yHKB376	Rhodotorula sp.	Rhodotorula	Basidiomycota	44.3878:-71.1731	44.3878	-71.1731	Tree	Plant Matter	Fruit	Raspberry	Rosaceae	Drupe	NA	Rubus	Rubus sp.	Raspberry	NA	NA	NH5	b	YHKB_NH5	4	Gorham, NH	New Hampshire	Beth Sargent	TRUE	yHKB376	Rhodotorula sp.	Basidiomycota	Rhodotorula
378	yHKB331	Rhodotorula paludigena	Rhodotorula	Basidiomycota	29.9511,-90.0715	29.9511	-90.0715	Soil	Soil	Soil	NA	NA	NA	NA	NA	NA	NA	NA	NA	RT17	b	YHKB_RT17	22	2715 Palmer Ave. New Orleans, LA	Louisiana	Kelly Buh	TRUE	yHKB331	Rhodotorula paludigena	Basidiomycota	Rhodotorula
399	yHRVM105	Rhodotorula nothofagi	Rhodotorula	Basidiomycota	37.505725, -76.398950	37.505725	-76.39895	Tree	Soil	Soil	NA	NA	NA	NA	Quercus	Quercus alba	White Oak	NA	NA	13D3	a	YHRVM_13D3	10	Cobbs Creek, VA	Virginia	D. Leith Nye	TRUE	yHRVM105	Rhodotorula nothofagii	Basidiomycota	Rhodotorula
407	yHQL693	Rhodotorula graminis	Rhodotorula	Basidiomycota	44.843134, -88.360218	44.843134	-88.360218	Soil	Soil/Plant Matter	Duff	NA	NA	NA	Rotting	Unknown	Unknown	Unknown	NA	decaying at Oconto River shoreline	6	b	YHQL_6	22	Pulcifer Park: STH 22 at CTH C, Shawano County WI	Wisconsin	Sorlie, Lisa	TRUE	yHQL693	Rhodotorula graminis	Basidiomycota	Rhodotorula
412	yHKB57	Rhodotorula glacialis	Rhodotorula	Basidiomycota	NA	NA	NA	Soil	Soil	Soil	NA	NA	NA	NA	NA	NA	NA	NA	NA	EE1	a	YHKB_EE1	4	NA	NA	NA	TRUE	yHKB57	Phenoliferia glacialis	Basidiomycota	Phenoliferia
425	yHAB261	Rhodotorula araqucariae	Rhodotorula	Basidiomycota	45.948334, -86.243976	45.948334	-86.243976	Miscellaneous	Miscellaneous	Sawdust	NA	NA	NA	NA	NA	NA	NA	NA	NA	3.13	a	YHAB_3.13	10	Manistique, MI Boardwalk	Michigan	ABH/CTH	TRUE	yHAB261	Rhodotorula araqucariae	Basidiomycota	Rhodotorula
426	yHQL433	Rhodosporidium sp.	Rhodosporidium	Basidiomycota	37.528816,-119.637779	37.528816	-119.637779	Tree	Plant Matter	Fruit	Manzanita berry	Ericaceae	Berry	NA	Arctostaphylos	Arctostaphylos sp.	Manzanita	NA	NA	QL#14	b	YHQL_QL#14	10	Yosemite National Park, 37°31'43.738N X 119°38'16.005	California	Bill Vagt	TRUE	yHQL433	Rhodosporidium sp.	Basidiomycota	Rhodosporidium
427	yHAB246	Rhodosporidium babjevae	Rhodosporidium	Basidiomycota	46.603602, -85.206239	46.603602	-85.206239	Tree	Plant Matter	Bark	NA	NA	NA	NA	Unknown	Unknown	Unknown	White Rot	NA	2.24	a	YHAB_2.24	10	Tahquamenon falls, MI, lower falls, Island	Michigan	ABH/CTH	TRUE	yHAB246	Rhodosporidium babjevae	Basidiomycota	Rhodosporidium
428	yHKB330	Rhodosporidiobolus poonsookiae	Rhodosporidiobolus	Basidiomycota	29.9511,-90.0715	29.9511	-90.0715	Soil	Soil	Soil	NA	NA	NA	NA	NA	NA	NA	NA	NA	RT16	a	YHKB_RT16	22	2715 Palmer Ave. New Orleans, LA	Louisiana	Kelly Buh	TRUE	yHKB330	Rhodosporidiobolus poonsookiae	Basidiomycota	Rhodosporidiobolus
440	yHKB455	Pichia sp.	Pichia	Ascomycota	31.7013,-90.3976	31.7013	-90.3976	Soil	Soil/Plant Matter	Duff	NA	NA	NA	NA	Unknown	Unknown	Unknown	NA	Raining	RT18	a	YHKB_RT18	10	Wesson, MS	Mississippi	Kelly Buh	TRUE	yHKB455	Candida californica	Saccharomycotina	Candida
448	yHQL415	Pichia pastoris	Pichia	Ascomycota	39.467944, -123.156250	39.467944	-123.15625	Tree	Moss	Moss	NA	NA	NA	NA	Quercus	Quercus sp.	Oak	Moss	NA	QL#25	a	YHQL_QL#25	30	Potter Valley, CA	California	Harry Iwatsuki	TRUE	yHQL415	Pichia pastoris	Saccharomycotina	Pichia
517	yHQL403	Phialemoniopsis ocularis	Phialemoniopsis	Ascomycota	42.013309, -89.890341	42.013309	-89.890341	Plant	Plant Matter	Twigs	NA	NA	NA	NA	Unknown	Unknown	Unknown	Bird	bird nest	AS#20	b	YHQL_AS#20	22	Chadwick, Illinois-Sheddan property	Illinois	Angela Sheddan	TRUE	yHQL403	Phialemoniopsis ocularis	Pezizomycotina	Phialemoniopsis
518	yHRVM265	Phaeoacremonium rubrigenum	Phaeoacremonium	Ascomycota	42.034808, -88.292849	42.034808	-88.292849	Tree	Plant Matter	Bark	NA	NA	NA	NA	Betula	Betula sp.	Birch	NA	NA	22D4-CS	b	YHRVM_22D4-CS	30	Elgin, IL	Illinois	Goose Island CS	TRUE	yHRVM265	Phaeoacremonium rubrigenum	Pezizomycotina	Phaeoacremonium
519	yHQL467	Peterozyma toletana	Peterozyma	Ascomycota	58.110718, -135.439694	58.110718	-135.439694	Animal	Bird	Feather	NA	NA	NA	NA	Unknown	Unknown	Unknown	NA	NA	KS#299	a	YHQL_KS#299	10	Hoonah Island, Alaska	Alaska	parents of Ryan Mority	TRUE	yHQL467	Peterozyma toletana	Saccharomycotina	Peterozyma
527	yHQL679	Ogataea zsoltii	Ogataea	Ascomycota	44.884195, -88.316018	44.884195	-88.316018	Tree	Plant Matter	Bark	NA	NA	NA	NA	Acer	Acer negundo	Boxelder Maple	NA	box elder at edge of woods by right field	3	a	YHQL_3	30	Jones Sports Complex Woods, 5890 STH 22, Gillett WI	Wisconsin	Sorlie, Lisa	TRUE	yHQL679	Ogataea zsoltii	Saccharomycotina	Ogataea
528	YHMH63	Ogataea polymorpha	Ogataea	Ascomycota	36.168237, -75.756593	36.168237	-75.756593	Plant	Plant Matter	Plant Matter	NA	NA	NA	NA	Rhododendron	Rhododendron sp.	Rhododendron	NA	NA	21	c	YHMH_21	30	Duck North Carolina	North Carolina	Laura Beck	TRUE	YHMH63	Ogataea polymorpha	Saccharomycotina	Ogataea
529	yHQL333	Ogataea pini	Ogataea	Ascomycota	37.528816,-119.637779	37.528816	-119.637779	Tree	Plant Matter	Fruit	Manzanita berry	Ericaceae	Berry	NA	Arctostaphylos	Arctostaphylos sp.	Manzanita	NA	NA	QL#14	b	YHQL_QL#14	30	Yosemite National Park, 37°31'43.738N X 119°38'16.005	California	Bill Vagt	TRUE	yHQL333	Ogataea pini	Saccharomycotina	Ogataea
531	yHRVM90	Ogataea dorogensis	Ogataea	Ascomycota	47.861132, -122.060318	47.861132	-122.060318	Plant	Moss	Moss	NA	NA	NA	NA	Unknown	Unknown	Unknown	Lichen	NA	3D3	a	YHRVM_3D3	30	Lords Hill, Monroe, WA	Washington	Emily Baker	TRUE	yHRVM90	Ogataea dorogensis	Saccharomycotina	Ogataea
532	yHMJ74	Oberwinklerozyma straminea	Oberwinklerozyma	Basidiomycota	45.027429, -93.438540	45.027429	-93.43854	Tree	Plant Matter	Fruit	Crabapple	Rosaceae	Pome	NA	Malus	Malus sp.	Crabapple	NA	NA	7	d	YHMJ_7	10	french park, plymouth mn	Minnesota	martin jarzyna	TRUE	yHMJ74	Oberwinklerozyma straminea	Basidiomycota	Oberwinklerozyma
533	yHMJ75	Oberwinklerozyma straminea	Oberwinklerozyma	Basidiomycota	45.027429, -93.438540	45.027429	-93.43854	Tree	Plant Matter	Fruit	Crabapple	Rosaceae	Pome	NA	Malus	Malus sp.	Crabapple	NA	NA	7	e	YHMJ_7	10	french park, plymouth mn	Minnesota	martin jarzyna	TRUE	yHMJ75	Oberwinklerozyma straminea	Basidiomycota	Oberwinklerozyma
557	yHQL14	Nakazawaea holstii	Nakazawaea	Ascomycota	46.122696, -123.927882	46.122696	-123.927882	Plant	Soil	Soil	NA	NA	NA	NA	Festuca	Festuca sp.	Festuca sp.	NA	NA	OR 15	a	YHQL_OR 15	22	Camp Rilea, OR	Oregon	Quinn Langdon	TRUE	yHQL14	Nakazawaea sp.	Saccharomycotina	Nakazawaea
575	yHRVM303	Naganishia friedmannii	Naganishia	Basidiomycota	47.103651, -122.707960	47.103651	-122.70796	Plant	Plant Matter	Fruit	Thimbleberry	Rosaceae	Drupe	NA	Rubus	Rubus parviflorus	Thimbleberry	NA	NA	7D5	b	YHRVM_7D5	30	Nisqually North Refuge, Olympia, WA	Washington	Quinn Langdon	TRUE	yHRVM303	Naganishia friedmannii	Basidiomycota	Naganishia
703	yHKB182	Mrakia psychrophila	Mrakia	Basidiomycota	44.3878:-71.1731	44.3878	-71.1731	Tree	Plant Matter	Leaves/Bark	NA	NA	NA	NA	Ilex	Ilex sp.	Holly	NA	NA	NH8	a	YHKB_NH8	10	Gorham, NH	New Hampshire	Beth Sargent	TRUE	yHKB182	Mrakia psychrophila	Basidiomycota	Mrakia
774	yHQL329	Mrakia curviuscula	Mrakia	Basidiomycota	41.152729,-122.311318	41.152729	-122.311318	Plant	Plant Matter	Fruit	Rose hip	Rosaceae	Pome	NA	Rosa	Rosa californica	California Wildrose	NA	NA	QL#15	a	YHQL_QL#15	22	Castle Crags State Park, CA, 41°9'9.825N X 122°18'40.743W	California	Bill Vagt	TRUE	yHQL329	Mrakia curviuscula	Basidiomycota	Mrakia
789	yHKB370	Mrakia aquatica	Mrakia	Basidiomycota	44.3878:-71.1731	44.3878	-71.1731	Plant	Soil	Soil	NA	NA	NA	NA	Rubus	Rubus sp.	Raspberry	NA	NA	NH5	a	YHKB_NH5	4	Gorham, NH	New Hampshire	Beth Sargent	TRUE	yHKB370	Mrakia aquatica	Basidiomycota	Mrakia
892	yHKB161	Metschnikowia bicuspidata	Metschnikowia	Ascomycota	44.3878:-71.1731	44.3878	-71.1731	Plant	Plant Matter	Fruit	Berry	Unknown	Unknown	NA	Unknown	Unknown	Unknown	NA	NA	NH3	c	YHKB_NH3	10	Gorham, NH	New Hampshire	Beth Sargent	TRUE	yHKB161	Metschnikowia bicuspidata	Saccharomycotina	Metschnikowia
907	yHKB152	Leucosporidium fellii	Leucosporidium	Basidiomycota	41.8089,-88.0112	41.8089	-88.0112	Tree	Plant Matter	Leaves	NA	NA	NA	Rotting	NA	NA	NA	NA	NA	DG5	a	YHKB_DG5	10	Downers Grove, IL (home backyard)	Illinois	Kelly Buh	TRUE	yHKB152	Leucosporidium fellii	Basidiomycota	Leucosporidium
908	yHKB384	Leucosporidium fellii	Leucosporidium	Basidiomycota	41.8089,-88.0112	41.8089	-88.0112	Tree	Plant Matter	Bark	NA	NA	NA	Rotting	Unknown	Unknown	Unknown	NA	NA	DG5	a	YHKB_DG5	4	Downers Grove, IL	Illinois	Kelly Buh	TRUE	yHKB384	Leucosporidium fellii	Basidiomycota	Leucosporidium
909	yHKB160	Leucosporidium drummii	Leucosporidium	Basidiomycota	44:-88	44	-88	Tree	Soil	Soil	NA	NA	NA	NA	Pinus	Pinus strobus	White Pine	NA	NA	KBOCT5	a	YHKB_KBOCT5	10	Northeastern WI	Wisconsin	Bill Saucier	TRUE	yHKB160	Leucosporidium drummii	Basidiomycota	Leucosporidium
910	yHAB258	Leucosporidiella creatinivora	Leucosporidiella	Basidiomycota	45.948334, -86.243976	45.948334	-86.243976	Soil	Sand	Sand	NA	NA	NA	NA	NA	NA	NA	NA	NA	3.1	a	YHAB_3.1	10	Manistique, MI Boardwalk	Michigan	ABH/CTH	TRUE	yHAB258	Leucosporidium creatinivora	Basidiomycota	Leucosporidium
986	yHKS614	Lachancea lanzarotensis	Lachancea	Ascomycota	43.695741, -87.718414	43.695741	-87.718414	Tree	Plant Matter	Bark	NA	NA	NA	NA	Fagus	Fagus grandifolia	American Beech	NA	NA	#247	a	YHKS_#247	22	Sheboygan,WI (Indian Mound Park)	Wisconsin	Kayla Sylvester	TRUE	yHKS614	Lachancea lanzarotensis	Saccharomycotina	Lachancea
1031	yHQL494	Lachancea dasiensis	Lachancea	Ascomycota	41.152729,-122.311318	41.152729	-122.311318	Plant	Plant Matter	Fruit	Rose hip	Rosaceae	Pome	NA	Rosa	Rosa californica	California Wildrose	NA	ITS: Lachancea nothofagiD1D2: Lachancea dasiensis or Lachancea nothofagi	QL#15	a	YHQL_QL#15	10	Castle Crags State Park, CA, 41°9'9.825N X 122°18'40.743W	California	Bill Vagt	TRUE	yHQL494	Lachancea sp.	Saccharomycotina	Lachancea
1035	yHMJ550	Kwoniella pini	Kwoniella	Basidiomycota	43.762222, 71.669167	43.762222	-71.669167	Tree	Plant Matter	Needles	NA	NA	NA	NA	Unknown	Unknown	Unknown	NA	NA	57	a	YHMJ_57	22	New Hampshire	New Hampshire	C. T. Hittinger	TRUE	yHMJ550	Kwoniella pini	Basidiomycota	Kwoniella
1036	yHKS256	Kwoniella newhampshirensis	Kwoniella	Basidiomycota	43.567496, -72.289615	43.567496	-72.289615	Tree	Insect	Insect	NA	NA	NA	NA	Betula	Betula alleghaniensis	Yellow Birch	Insect	NA	#118	a	YHKS_#118	22	272 Ladieu Rd. Plainfield, NH	New Hampshire	Alysha Heimberg	TRUE	yHKS256	Kwoniella newhampshirensis	Basidiomycota	Kwoniella
1043	yHQL103	Kuraishia capsulata	Kuraishia	Ascomycota	46.525703, -86.671012	46.525703	-86.671012	Tree	Plant Matter	Sap	NA	NA	NA	NA	Pinus	Pinus sp.	Pine	NA	NA	A&CH13	c	YHQL_A&CH13	22	Grand Island National Rec Area	Michigan	Amanda Hulfachor & Chris Hittinger	TRUE	yHQL103	Kuraishia capsulata	Saccharomycotina	Kuraishia
1048	yHKB361	Krasilnikovozyma huempii	Krasilnikovozyma	Basidiomycota	44.3878:-71.1731	44.3878	-71.1731	Tree	Plant Matter	Fruit/Leaves	Apple	Rosaceae	Pome	NA	Malus	Malus sp.	Apple	NA	NA	NH7	a	YHKB_NH7	4	Gorham, NH	New Hampshire	Beth Sargent	TRUE	yHKB361	Krasilnikovozyma huempii	Basidiomycota	Krasilnikovozyma
1133	yHQL9	Kloeckera lindneri	Kloeckera	Ascomycota	46.122696, -123.927882	46.122696	-123.927882	Tree	Soil	Soil	NA	NA	NA	NA	Picea	Picea sitchensis	Sitka Spruce	NA	NA	OR 11.1	a	YHQL_OR 11.1	22	Camp Rilea, OR	Oregon	Quinn Langdon	TRUE	yHQL9	Kloeckera lindneri	Saccharomycotina	Kloeckera
1196	yHRM13	Kazachstania aerobia	Kazachstania	Ascomycota	NA	NA	NA	Tree	Soil	Soil	NA	NA	NA	NA	Fraxinus	Fraxinus americana	White Ash	NA	NA	2.14	a	YHRM_2.14	22	Picnic Point, Madison WI	Wisconsin	RM	TRUE	yHRM13	Kazachstania aerobia	Saccharomycotina	Kazachstania
1199	yHMJ20	Issatchenkia occidentalis	Issatchenkia	Ascomycota	45.027429, -93.438540	45.027429	-93.43854	Tree	Plant Matter	Bark	NA	NA	NA	NA	Populus	Populus balsamifera	Balsam Poplar	Fungi	NA	8	b	YHMJ_8	22	french park, plymouth mn	Minnesota	martin jarzyna	TRUE	yHMJ20	Pichia occidentalis	Saccharomycotina	Pichia
1200	yHQL129	Issatchenkia hanoiensis	Issatchenkia	Ascomycota	43.070035, -89.421173	43.070035	-89.421173	Tree	Plant Matter	Seed	NA	NA	NA	NA	Ginkgo	Ginkgo biloba	Ginkgo	NA	NA	smiley2A	d	YHQL_smiley2A	22	local Madison, WI backyard	Wisconsin	NA	TRUE	yHQL129	Pichia sporocuriosa	Saccharomycotina	Pichia
1201	yHMJ569	Isaria sp.	Isaria	Ascomycota	43.761944, 71.668611	43.761944	-71.668611	Soil	Soil/Plant Matter	Duff	NA	NA	NA	NA	Unknown	Unknown	Unknown	NA	NA	64	b	YHMJ_64	22	New Hampshire	New Hampshire	C. T. Hittinger	TRUE	yHMJ569	Isaria sp.	Pezizomycotina	Isaria
1202	yHKB186	Hypocrea lixii	Hypocrea	Ascomycota	44.3878:-71.1731	44.3878	-71.1731	Tree	Plant Matter	Bark	NA	NA	NA	NA	Betula	Betula sp.	Birch	NA	Bad read, not definitive identification	NH1	b	YHKB_NH1	10	Gorham, NH	New Hampshire	Beth Sargent	TRUE	yHKB186	Hypocrea lixii	Pezizomycotina	Hypocrea
1203	YHMH109	Hyphopichia pseudoburtonii	Hyphopichia	Ascomycota	42.944996, -89.583942	42.944996	-89.583942	Fungus	Fungus	Fungus	NA	NA	NA	NA	Unknown	Unknown	Bracket Fungus	NA	NA	47	b	YHMH_47	10	verona Town, Bud Jackson school Forest, WI	Wisconsin	Max Haase	TRUE	YHMH109	Hyphopichia pseudoburtonii	Saccharomycotina	Hyphopichia
1206	yHQL168	Holtermanniella festucosa	Holtermanniella	Basidiomycota	39.640228, -86.170205	39.640228	-86.170205	Fungus	Fungus	Fungus	NA	NA	NA	NA	Unknown	Unknown	Unknown	Fungus	NA	AH2	c	YHQL_AH2	10	591 Watterson Ct, Indianapolis, IN 46217	Indiana	Amanda Hulfachor	TRUE	yHQL168	Holtermanniella festucosa	Basidiomycota	Holtermanniella
1237	yHQL443	Hanseniaspora valbyensis	Hanseniaspora	Ascomycota	37.626981,-119.635941	37.626981	-119.635941	Tree	Plant Matter	Needles	NA	NA	NA	NA	Pinus	Pinus lambertiana	Sugar Pine	Sarcodes sanguinea	Lichen	QL#20	b	YHQL_QL#20	10	Yosemite Nat'l Park, CA, 37°37'37.1332N X 119°38'9.3862W	California	Bill Vagt	TRUE	yHQL443	Hanseniaspora valbyensis	Saccharomycotina	Hanseniaspora
1340	yHQL70	Hanseniaspora opuntiae	Hanseniaspora	Ascomycota	43.070035, -89.421173	43.070035	-89.421173	Fungus	Fungus	Fungus	NA	NA	NA	NA	Unknown	Unknown	Unknown	Fungus	NA	smiley5	a	YHQL_smiley5	22	local Madison, WI backyard	Wisconsin	NA	TRUE	yHQL70	Hanseniaspora opuntiae	Saccharomycotina	Hanseniaspora
1360	yHQL235	Fibulobasidium inconspicuum	Fibulobasidium	Basidiomycota	43.025855, -89.844325	43.025855	-89.844325	Tree	Plant Matter	Bark	NA	NA	NA	NA	Quercus	Quercus alba	White Oak	NA	ITS: Fibulobasidium sp. (98%)D1D2: Fibulobasidium inconspicuum (98%)	8	a	YHQL_8	30	Blue Mound State Park	Wisconsin	Sarah Wright	TRUE	yHQL235	Fibulobasidium inconspicuum	Basidiomycota	Fibulobasidium
1361	yHKB389	Dothiora sorbi	Dothiora	Ascomycota	41.8089,-88.0112	41.8089	-88.0112	Plant	Plant Matter	Leaves	NA	NA	NA	NA	Unknown	Unknown	Unknown	NA	NA	DG4	a	YHKB_DG4	4	Downers Grove, IL	Illinois	Kelly Buh	TRUE	yHKB389	Dothiora sorbi	Pezizomycotina	Dothiora
1362	yHMJ185	Diozsegia sp.	Diozsegia	Basidiomycota	43.312305, -91.781281 	43.312305	-91.781281	Tree	Moss	Moss	NA	NA	NA	NA	Quercus	Quercus palustris	Pin Oak	Moss	NA	19	a	YHMJ_19	4	Decorah, IA ice caves	Iowa	Martin Jarzyna	TRUE	yHMJ185	Diozsegia sp.	Basidiomycota	Diozsegia
1363	yHRVM31	Debaryomyces sp.	Debaryomyces	Ascomycota	46.482739, -86.671216	46.482739	-86.671216	Miscellaneous	Miscellaneous	Sawdust	NA	NA	NA	NA	NA	NA	NA	NA	NA	3CAHD2	a	YHRVM_3CAHD2	30	Grand Island, MI	Michigan	Chris Hittinger, Amanda Hulfachor	TRUE	yHRVM31	Debaryomyces sp.	Saccharomycotina	Debaryomyces
1382	yHQL473	Cystofilobasidium sp.	Cystofilobasidium	Basidiomycota	56.463269, -132.379573	56.463269	-132.379573	Tree	Plant Matter	Bark	NA	NA	NA	NA	Populus	Populus sp.	Aspen	NA	hemlock soil/bark	KS#305	b	YHQL_KS#305	10	Wrangell Beach, AK	Alaska	parents of Ryan Mority	TRUE	yHQL473	Cystofilobasidium sp.	Basidiomycota	Cystofilobasidium
1383	yHKS123	Cystofilobasidium mecerans	Cystofilobasidium	Basidiomycota	43.795677, -88.442040	43.795677	-88.44204	Tree	Soil	Soil	NA	NA	NA	NA	Acer	Acer sp.	Maple	NA	NA	#38	b	YHKS_#38	10	Fon du Lac, WI (Lakeside Park)	Wisconsin	Kayla Sylvester	TRUE	yHKS123	Cystofilobasidium mecerans	Basidiomycota	Cystofilobasidium
1384	yHMJ150	Cystofilobasidium macerans	Cystofilobasidium	Basidiomycota	43.312305, -91.781281 	43.312305	-91.781281	Plant	Plant Matter	Leaves	NA	NA	NA	NA	Amelanchier	Amelanchier sp.	Amelanchier sp.	NA	NA	20	a	YHMJ_20	4	Decorah, IA ice caves	Iowa	Martin Jarzyna	TRUE	yHMJ150	Cystofilobasidium macerans	Basidiomycota	Cystofilobasidium
1385	yHKB164	Cystofilobasidium macarens	Cystofilobasidium	Basidiomycota	41.8089,-88.0112	41.8089	-88.0112	Soil	Soil/Plant Matter	Duff	NA	NA	NA	NA	NA	NA	NA	NA	NA	DG1	a	YHKB_DG1	10	Downers Grove, IL (home backyard)	Illinois	Kelly Buh	TRUE	yHKB164	Cystofilobasidium macarens	Basidiomycota	Cystofilobasidium
1391	yHKB183	Cystofilobasidium capitatum	Cystofilobasidium	Basidiomycota	44.3878:-71.1731	44.3878	-71.1731	Tree	Plant Matter	Fruit/Leaves	Apple	Rosaceae	Pome	NA	Malus	Malus sp.	Apple	NA	ITS was unclear: Uncultured BasidiomycotaD1D2: Cystofilobasidium capitatum	NH7	b	YHKB_NH7	10	Gorham, NH	New Hampshire	Beth Sargent	TRUE	yHKB183	Cystofilobasidium	Basidiomycota	Cystofilobasidium
1473	yHRVM91	Cyberlindnera suaveolens	Cyberlindnera	Ascomycota	47.861132, -122.060318	47.861132	-122.060318	Tree	Plant Matter	Bark	NA	NA	NA	NA	Unknown	Unknown	Unknown	NA	NA	5D3	a	YHRVM_5D3	30	Lords Hill, Monroe, WA	Washington	Emily Baker	TRUE	yHRVM91	Cyberlindnera suaveolens	Saccharomycotina	Cyberlindnera
1522	yHKB76	Cyberlindnera japonica	Cyberlindnera	Ascomycota	44:-88	44	-88	Tree	Plant Matter	Bark	NA	NA	NA	Rotting	Populus	Populus tremuloides	Quaking Aspen	NA	NA	KBOCT13	a	YHKB_KBOCT13	30	Northeastern WI	Wisconsin	Bill Saucier	TRUE	yHKB76	Cyberlindnera japonica	Saccharomycotina	Cyberlindnera
1523	yHQL360	Cyberlindnera jadinii	Cyberlindnera	Ascomycota	42.013309, -89.890341	42.013309	-89.890341	Miscellaneous	Miscellaneous	Wood	NA	NA	NA	NA	Unknown	Unknown	Unknown	NA	submerged	AS#9	a	YHQL_AS#9	30	Chadwick, Illinois-Sheddan property	Illinois	Angela Sheddan	TRUE	yHQL360	Cyberlindnera jadinii	Saccharomycotina	Cyberlindnera
1530	yHRVM191	Cyberlindnera culbertsonii	Cyberlindnera	Ascomycota	42.043441, -88.004581	42.043441	-88.004581	Plant	Plant Matter	Flower/Leaves	NA	NA	NA	NA	Unknown	Unknown	Unknown	NA	NA	24D4-CS	a	YHRVM_24D4-CS	30	Busse Woods, Arlington Heights, IL	Illinois	Goose Island CS	TRUE	yHRVM191	Cyberlindnera sp.	Saccharomycotina	Cyberlindnera
1563	yHAB242	Cryptococcus tahquamenonensis	Cryptococcus	Basidiomycota	46.603602, -85.206239	46.603602	-85.206239	Tree	Soil	Soil	NA	NA	NA	NA	Tsuga	Tsuga sp.	Hemlock	NA	NA	2.16	a	YHAB_2.16	10	Tahquamenon Falls, MI, lower falls - Island	Michigan	ABH/CTH	TRUE	yHAB242	Cryptococcus tahquamenonensis	Basidiomycota	Cryptococcus
1577	yHRVM300	Cryptococcus saitoi	Cryptococcus	Basidiomycota	47.103651, -122.707960	47.103651	-122.70796	Plant	Plant Matter	Fruit	Thimbleberry	Rosaceae	Drupe	NA	Rubus	Rubus parviflorus	Thimbleberry	NA	NA	7D5	a	YHRVM_7D5	10	Nisqually North Refuge, Olympia, WA	Washington	Quinn Langdon	TRUE	yHRVM300	Cryptococcus saitoi	Basidiomycota	Cryptococcus
1580	yHQL125	Cryptococcus podzolicus	Cryptococcus	Basidiomycota	45.208911, -123.961452	45.208911	-123.961452	Tree	Soil	Soil	NA	NA	NA	NA	Pinus	Pinus contorta	Lodgepole Pine	NA	NA	OR 5	b	YHQL_OR 5	10	Pacific City, OR	Oregon	Quinn Langdon	TRUE	yHQL125	Cryptococcus podzolicus	Basidiomycota	Cryptococcus
1587	yHAB171	Cryptococcus musci	Cryptococcus	Basidiomycota	46.603602, -85.206239	46.603602	-85.206239	Tree	Fungus	Fungus	NA	NA	NA	NA	Tsuga	Tsuga sp.	Hemlock	Fungus	NA	2.2	a	YHAB_2.2	22	Tahquamenon Falls, MI, lower falls - Island	Michigan	ABH/CTH	TRUE	yHAB171	Cryptococcus musci	Basidiomycota	Cryptococcus
1588	yHAB243	Cryptococcus musci	Cryptococcus	Basidiomycota	46.603602, -85.206239	46.603602	-85.206239	Tree	Fungus	Fungus	NA	NA	NA	NA	Tsuga	Tsuga sp.	Hemlock	Fungus	NA	2.2	a	YHAB_2.2	10	Tahquamenon Falls, MI, lower falls - Island	Michigan	ABH/CTH	TRUE	yHAB243	Cryptococcus musci	Basidiomycota	Cryptococcus
1589	yHRM5	Cryptococcus heveanensis	Cryptococcus	Basidiomycota	NA	NA	NA	Soil	Soil	Soil	NA	NA	NA	NA	NA	NA	NA	NA	NA	1.12	a	YHRM_1.12	22	Picnic Point, Madison WI	Wisconsin	RM	TRUE	yHRM5	Cryptococcus heveanensis	Basidiomycota	Cryptococcus
1610	yHMJ56	Cryptococcus filicatus	Cryptococcus	Basidiomycota	45.027429, -93.438540	45.027429	-93.43854	Tree	Fungus	Fungus	NA	NA	NA	NA	Ostrya	Ostrya virginiana	American Hophornbeam	NA	NA	2	a	YHMJ_2	4	french park, plymouth mn	Minnesota	martin jarzyna	TRUE	yHMJ56	Cryptococcus filicatus	Basidiomycota	Cryptococcus
1611	yHKS491	Cryptococcus cuniculi	Cryptococcus	Basidiomycota	48.725722, -122.359948	48.725722	-122.359948	Tree	Plant Matter	Bark	NA	NA	NA	NA	Abies	Abies sp.	Fir	NA	NA	#148	a	YHKS_#148	10	Bellingham WA (Sudden Valley)	Washington	Mary B. O'Neill	TRUE	yHKS491	Cryptococcus cuniculi	Basidiomycota	Cryptococcus
1612	YHMH125	Cryptococcus carnescens	Cryptococcus	Basidiomycota	44.500476, -87.923862	44.500476	-87.923862	Tree	Plant Matter	Bark	NA	NA	NA	NA	Acer	Acer sp.	Maple	NA	NA	63	a	YHMH_63	10	Green Bay, Baird Creek, WI	Wisconsin	Max Haase	TRUE	YHMH125	Cryptococcus carnescens	Basidiomycota	Cryptococcus
1613	yHMJ164	Cryptococcus aquaticus	Cryptococcus	Basidiomycota	43.312305, -91.781281 	43.312305	-91.781281	Tree	Plant Matter	Leaves	NA	NA	NA	NA	Ailanthus	Ailanthus altissima	Tree of Heaven	NA	NA	23	a	YHMJ_23	4	Decorah, IA ice caves	Iowa	Martin Jarzyna	TRUE	yHMJ164	Cryptococcus aquaticus	Basidiomycota	Cryptococcus
1614	yHMJ167	Cryptococcus aquaticus	Cryptococcus	Basidiomycota	43.312305, -91.781281 	43.312305	-91.781281	Tree	Plant Matter	Leaves	NA	NA	NA	NA	Ailanthus	Ailanthus altissima	Tree of Heaven	NA	NA	23	d	YHMJ_23	4	Decorah, IA ice caves	Iowa	Martin Jarzyna	TRUE	yHMJ167	Cryptococcus aquaticus	Basidiomycota	Cryptococcus
1617	yHQL537	Coniochaeta hoffmannii	Coniochaeta	Ascomycota	60.850069, -149.534257	60.850069	-149.534257	Tree	Soil/Plant Matter	Duff	NA	NA	NA	NA	Tsuga	Tsuga sp.	Hemlock	NA	NA	QL#37	b	YHQL_QL#37	30	Coeur d'Alene campground, Chugach National Forest, AK	Alaska	Mel Langdon	TRUE	yHQL537	Coniochaeta hoffmannii	Pezizomycotina	Coniochaeta
1618	yHQL470	Cephalosporium sp.	Cephalosporium	Ascomycota	58.417721, -134.545988	58.417721	-134.545988	Tree	Moss	Moss	NA	NA	NA	NA	Unknown	Unknown	Unknown	Moss	tree moss	KS#302	a	YHQL_KS#302	10	Mendenhall glacier, AK	Alaska	parents of Ryan Mority	TRUE	yHQL470	Cephalosporium sp.	Pezizomycotina	Cephalosporium
1619	yHKB377	Caulerpa cupressoides	Caulerpa	Basidiomycota	43.4316:-89.7372	43.4316	-89.7372	Soil	Soil	Soil	NA	NA	NA	NA	NA	NA	NA	NA	NA	KBOCT16	a	YHKB_KBOCT16	4	Devil's Lake State Park (Baraboo, WI)	Wisconsin	Drew Doering	FALSE	yHKB377	Caulerpa cupressoides	Basidiomycota	Caulerpa
1620	yHQL552	Candida zeylanoides	Candida	Ascomycota	60.850069, -149.534257	60.850069	-149.534257	Tree	Plant Matter	Twigs	NA	NA	NA	NA	Tsuga	Tsuga sp.	Hemlock	NA	NA	QL#38	a	YHQL_QL#38	22	Coeur d'Alene campground, Chugach National Forest, AK	Alaska	Mel Langdon	TRUE	yHQL552	Candida zeylanoides	Saccharomycotina	Candida
1632	yHKS648	Candida vadensis	Candida	Ascomycota	47.441600, -87.878877	47.4416	-87.878877	Fungus	Fungus	Fungus	NA	NA	NA	NA	Unknown	Unknown	Unknown	Fungus	NA	#252	b	YHKS_#252	22	Copper Harbor, Michigan (Estivant Pines Nature Sanctuary	Michigan	Chris Hittinger	TRUE	yHKS648	Suhomyces vadensis	Saccharomycotina	Suhomyces
1633	yHKS649	Candida vadensis	Candida	Ascomycota	47.441600, -87.878877	47.4416	-87.878877	Fungus	Fungus	Fungus	NA	NA	NA	NA	Unknown	Unknown	Unknown	Fungus	NA	#252	c	YHKS_#252	22	Copper Harbor, Michigan (Estivant Pines Nature Sanctuary	Michigan	Chris Hittinger	TRUE	yHKS649	Suhomyces vadensis	Saccharomycotina	Suhomyces
1643	yHKS577	Candida subhashii	Candida	Ascomycota	43.060776, -88.402332	43.060776	-88.402332	Tree	Plant Matter	Bark	NA	NA	NA	Rotting	Quercus	Quercus sp.	Oak	Ant	NA	#218	b	YHKS_#218	30	Delafield,WI	Wisconsin	Kayla Sylvester	TRUE	yHKS577	Candida subhashii	Saccharomycotina	Candida
1656	yHQL182	Candida sp.	Candida	Ascomycota	46.525703, -86.671012	46.525703	-86.671012	Tree	Plant Matter	Sap	NA	NA	NA	NA	Pinus	Pinus sp.	Pine	NA	NA	A&CH13	d	YHQL_A&CH13	10	Grand Island National Rec Area	Michigan	Amanda Hulfachor & Chris Hittinger	TRUE	yHQL182	Saccharomycopsis sp.	Saccharomycotina	Saccharomycopsis
1657	yHQL92	Candida sorboxylosa	Candida	Ascomycota	43.070035, -89.421173	43.070035	-89.421173	Tree	Plant Matter	Seed	NA	NA	NA	NA	Ginkgo	Ginkgo biloba	Ginkgo	NA	NA	smiley2A	c	YHQL_smiley2A	22	local Madison, WI backyard	Wisconsin	S. Smead	TRUE	yHQL92	Candida sorboxylosa	Saccharomycotina	Candida
1658	yHQL320	Candida silvanorum	Candida	Ascomycota	39.876949,-123.724678	39.876949	-123.724678	Tree	Plant Matter	Leaves	NA	NA	NA	NA	Quercus	Quercus virginiana	Live Oak	NA	NA	QL#19	a	YHQL_QL#19	22	Rock creek campground, Standish-Hickey State Rec Area, CA 39°52'37.018N X 123°43'28.841W	California	Bill Vagt	TRUE	yHQL320	Candida silvanorum	Saccharomycotina	Candida
1662	yHKB13	Candida sanyaensis	Candida	Ascomycota	26.5276:-82.1948	26.5276	-82.1948	Soil	Soil	Sand	NA	NA	NA	NA	NA	NA	NA	NA	D1D2 sequencing confirmed species	BFF5	b	YHKB_BFF5	30	Captiva, FL	Florida	Alison Coffey	TRUE	yHKB13	Candida sanyaensis	Saccharomycotina	Candida
1774	yHKS644	Candida pseudorhagii	Candida	Ascomycota	47.441600, -87.878877	47.4416	-87.878877	Tree	Soil	Soil	NA	NA	NA	NA	Pinus	Pinus sp.	Pine	NA	NA	#251	a	YHKS_#251	22	Copper Harbor, Michigan (Estivant Pines Nature Sanctuary	Michigan	Chris Hittinger	TRUE	yHKS644	Candida pseudorhagii	Saccharomycotina	Candida
1775	yHKS646	Candida pseudorhagii	Candida	Ascomycota	47.441600, -87.878877	47.4416	-87.878877	Tree	Soil	Soil	NA	NA	NA	NA	Pinus	Pinus sp.	Pine	NA	NA	#251	c	YHKS_#251	22	Copper Harbor, Michigan (Estivant Pines Nature Sanctuary	Michigan	Chris Hittinger	TRUE	yHKS646	Candida pseudorhagii	Saccharomycotina	Candida
1795	yHKS327	Candida ogatae	Candida	Ascomycota	43.695741, -87.718414	43.695741	-87.718414	Tree	Plant Matter	Bark	NA	NA	NA	Dead	NA	NA	NA	NA	NA	#143	a	YHKS_#143	30	Sheboygan,WI (Indian Mound Park)	Wisconsin	Kayla Sylvester	TRUE	yHKS327	Kuraishia ogatae	Saccharomycotina	Kuraishia
1800	yHQL135	Candida nitratophila	Candida	Ascomycota	46.525703, -86.671012	46.525703	-86.671012	Tree	Plant Matter	Sap	NA	NA	NA	NA	Pinus	Pinus sp.	Pine	NA	NA	A&CH13	d	YHQL_A&CH13	22	Grand Island National Rec Area	Michigan	Amanda Hulfachor & Chris Hittinger	TRUE	yHQL135	Candida nitratophila	Saccharomycotina	Candida
1801	yHQL170	Candida nitratophila	Candida	Ascomycota	46.525703, -86.671012	46.525703	-86.671012	Tree	Plant Matter	Sap	NA	NA	NA	NA	Pinus	Pinus sp.	Pine	NA	NA	A&CH13	c	YHQL_A&CH13	10	Grand Island National Rec Area	Michigan	Amanda Hulfachor & Chris Hittinger	TRUE	yHQL170	Candida nitratophila	Saccharomycotina	Candida
1802	yHQL60	Candida nitratophila	Candida	Ascomycota	46.525703, -86.671012	46.525703	-86.671012	Tree	Plant Matter	Sap	NA	NA	NA	NA	Pinus	Pinus sp.	Pine	NA	NA	A&CH13	b	YHQL_A&CH13	22	Grand Island National Rec Area	Michigan	Amanda Hulfachor & Chris Hittinger	TRUE	yHQL60	Candida nitratophila	Saccharomycotina	Candida
1811	yHKB20	Candida melibiosica	Candida	Ascomycota	29.9403:-90.1207	29.9403	-90.1207	Soil	Soil	Soil	NA	NA	NA	NA	NA	NA	NA	NA	NA	BFF2	b	YHKB_BFF2	22	New Orleans, LA (Tulane campus)	Louisiana	Katie Burjek	TRUE	yHKB20	Candida melibiosica	Saccharomycotina	Candida
1812	yHKB60	Candida melibiosica	Candida	Ascomycota	29.9403:-90.1207	29.9403	-90.1207	Soil	Soil	Soil	NA	NA	NA	NA	NA	NA	NA	NA	NA	BFF2	a	YHKB_BFF2	10	New Orleans, LA (Tulane campus)	Louisiana	Katie Burjek	TRUE	yHKB60	Candida melibiosica	Saccharomycotina	Candida
1830	yHKB15	Candida jaroonii	Candida	Ascomycota	29.9403:-90.1207	29.9403	-90.1207	Soil	Soil	Soil	NA	NA	NA	NA	NA	NA	NA	NA	ITS max ident at 93% and D1D2 max ident at 97% : potential new species.Later assessment puts ITS at a 98% match with an unpublished Candida sp., but D1D2 sequence remains at 97%.	BFF4	a	YHKB_BFF4	22	New Orleans, LA (Tulane campus)	Louisiana	Katie Burjek	TRUE	yHKB15	Candida jaroonii	Saccharomycotina	Candida
1831	yHKB313	Candida intermedia	Candida	Ascomycota	42.1872,-93.5956	42.1872	-93.5956	Soil	Soil/Plant Matter	Duff	NA	NA	NA	NA	Unknown	Unknown	Unknown	NA	Prairie Area off highway	RT6	a	YHKB_RT6	30	Story City, IA	Iowa	Kelly Buh	TRUE	yHKB313	Candida intermedia	Saccharomycotina	Candida
1832	yHKB316	Candida intermedia	Candida	Ascomycota	42.1872,-93.5956	42.1872	-93.5956	Soil	Soil/Plant Matter	Duff	NA	NA	NA	NA	Unknown	Unknown	Unknown	NA	Prairie Area off highway	RT6	b	YHKB_RT6	30	Story City, IA	Iowa	Kelly Buh	TRUE	yHKB316	Candida intermedia	Saccharomycotina	Candida
1836	yHMJ25	Candida inconspicua	Candida	Ascomycota	45.027429, -93.438540	45.027429	-93.43854	Tree	Soil	Soil/Twigs/Fungus	NA	NA	NA	NA	Malus	Malus sp.	Crabapple	Fungus	NA	4	b	YHMJ_4	22	french park, plymouth MN	Minnesota	martin jarzyna	TRUE	yHMJ25	Pichia cecembensis	Saccharomycotina	Pichia
1842	yHQL5	Candida friedrichii	Candida	Ascomycota	45.208911, -123.961452	45.208911	-123.961452	Tree	Soil	Soil	NA	NA	NA	NA	Pinus	Pinus contorta	Lodgepole Pine	Gaultheria shallon	NA	OR 6.1	a	YHQL_OR 6.1	22	Pacific City, OR	Oregon	Quinn Langdon	TRUE	yHQL5	Candida friedrichii	Saccharomycotina	Candida
1859	yHQL449	Candida derodonti	Candida	Ascomycota	37.657021,-119.626228	37.657021	-119.626228	Tree	Fungus	Fungus	NA	NA	NA	NA	Pinus	Pinus contorta	Lodgepole Pine	Fungus	NA	QL#22	b	YHQL_QL#22	10	Yosemite Nat'l Park, CA 37°39'25.274N X 119°37'34.422W	California	Bill Vagt	TRUE	yHQL449	Candida derodonti	Saccharomycotina	Candida
1871	yHRVM49	Candida cf. montana	Candida	Ascomycota	46.482739, -86.671216	46.482739	-86.671216	Tree	Plant Matter	Plant Matter	NA	NA	NA	NA	Fagus	Fagus sp.	Beech	NA	NA	8CAHD2	a	YHRVM_8CAHD2	10	Grand Island, MI	Michigan	Chris Hittinger, Amanda Hulfachor	TRUE	yHRVM49	Candida montana	Saccharomycotina	Candida
1880	yHQL111	Candida bombi	Candida	Ascomycota	46.525703, -86.671012	46.525703	-86.671012	Plant	Plant Matter	Flower	NA	NA	NA	NA	Trifolium	Trifolium sp.	Clover	NA	NA	A&CH5	a	YHQL_A&CH5	30	Grand Island National Rec Area	Michigan	Amanda Hulfachor & Chris Hittinger	TRUE	yHQL111	Candida bombi	Saccharomycotina	Candida
1911	yHKS328	Candida atakaporum	Candida	Ascomycota	43.695741, -87.718414	43.695741	-87.718414	Tree	Plant Matter	Bark	NA	NA	NA	NA	Fagus	Fagus grandifolia	American Beech	NA	NA	#144	a	YHKS_#144	30	Sheboygan,WI (Indian Mound Park)	Wisconsin	Kayla Sylvester	TRUE	yHKS328	Suhomyces atakaporum	Saccharomycotina	Suhomyces
1912	yHKB357	Candida argentea	Candida	Ascomycota	47.173051, -88.449209	47.173051	-88.449209	Plant	Plant Matter	Fruit	Blueberry	Ericaceae	Berry	NA	Vaccinium	Vaccinium sp.	Blueberry	NA	NA	RW9	b	YHKB_RW9	22	Hungarian Falls, MI	Michigan	Russell Wrobel	TRUE	yHKB357	Candida argentea	Saccharomycotina	Candida
1913	yHQL143	Candida anneliseae	Candida	Ascomycota	46.525703, -86.671012	46.525703	-86.671012	Tree	Fungus	Fungus	NA	NA	NA	NA	Betula	Betula sp.	Birch	Fungus	NA	A&CH4	b	YHQL_A&CH4	22	Grand Island National Rec Area	Michigan	Amanda Hulfachor & Chris Hittinger	TRUE	yHQL143	Suhomyces anneliseae	Saccharomycotina	Suhomyces
1924	yHKS558	Cadophora malorum	Cadophora	Ascomycota	60.691550, -151.289609	60.69155	-151.289609	Soil	Soil	Sand	NA	NA	NA	NA	NA	NA	NA	NA	NA	#209	a	YHKS_#209	22	Nikiski, Alaska (Deer Creek)	Alaska	Jacob Barnes	TRUE	yHKS558	Cadophora malorum	Pezizomycotina	Cadophora
1925	yHAB196	Blastobotrys buckinghamii	Blastobotrys	Ascomycota	46.601361, -85.190790	46.601361	-85.19079	Tree	Fungus	Fungus	NA	NA	NA	NA	Fagus	Fagus grandifolia	American Beech	Fungus	NA	2.3	a	YHAB_2.3	30	Tahquamenon falls, mi upper falls	Michigan	ABH/CTH	TRUE	yHAB196	Blastobotrys buckinghamii	Saccharomycotina	Blastobotrys
1933	YHMH110	Aureobasidium sp.	Aureobasidium	Ascomycota	44.499972, -87.922145	44.499972	-87.922145	Soil	Soil	Soil	NA	NA	NA	NA	NA	NA	NA	NA	NA	61	a	YHMH_61	10	Green Bay, Baird Creek, WI	Wisconsin	Max Haase	TRUE	YHMH110	Aureobasidium sp.	Pezizomycotina	Aureobasidium
